conv_id,corp_vol_idx,bc_combination,occurrence_count,full_text
60dde1621f6e206dea63a7dd,159,"AF, CQ, EC",1,"The idea of proving to yourself that you can quit shows a strong desire for strength and self-empowerment. This could be a step toward exploring change if it's something you're thinking about more often. Is there anything else about smoking that's on your mind, or any other feelings around this topic you'd like to talk about today?"
669a4f388b2de8df723faf1e,681,"AF, CQ, EC",1,"You're envisioning a future where smoking isn't a necessity for you, and you have the freedom to choose without the feeling of dependence. That's a powerful goal to work towards. Is there anything else about reducing smoking or any other aspect of your journey that you'd like to discuss today?"
6709cc4d966fd4b76c0f0286,1208,"AF, CQ, EC",1,"Great, thank you for being open to exploring further. Before we dive into brainstorming any specific changes, is there anything else you'd like to share or discuss? I want to make sure we cover what feels most important to you."
613dd5fb512aabe8d5d32393,1591,"AF, CQ, EC",1,"It's great that you've experimented with strategies like the elastic band; it shows your willingness to try different things. There are certainly many approaches that people find helpful, and we can explore a variety to see what might fit you best. Would you be open to discussing mindfulness exercises or perhaps physical activities that could help with anxiety and provide a different kind of relief?"
65dde97292c3b8d0e4fa00d7,1715,"AF, CQ, EC",1,"Reducing by one each week is a thoughtful and steady way to approach this, giving you time to adjust and focus on each small step. It's all about balancing progress with what's manageable for you. How do you feel about starting with this approach, and is there any support or resource you'd like as you begin?"
5f9197ba39d009000b3d9268,2591,"AF, CQ, EC",1,"Mindfulness and relaxation techniques can be a wonderful way to manage cravings and reduce stress. They can also help you feel more in control during challenging moments. Is there a particular practice you're interested in, or would you like some suggestions on how to get started with these techniques?"
6112bab70c61f8247ee7e228,2875,"AF, CQ, EC",1,"It's reassuring to hear that you have a sense of when you might feel ready to consider alternatives and make a change. The difficult times you're experiencing are weighing heavily on you, and you have a plan for the future when things settle down. Whenever you're ready to explore what those alternatives might look like, we can certainly discuss that together. Is there anything else you'd like to talk about today, or something specific you want to keep in mind for the future?"
672a89bc5e3d67a9fdbdf803,3048,"AF, CQ, EC",1,"I'm glad you're here, and it's great that you're willing to listen. This time is really for you, so please feel free to share anything that's on your mind. Have there been any specific things you've been thinking about lately that you'd like to explore together?"
66c53f6e53501f126905fa7c,3294,"AF, CQ, EC",1,"That's a thoughtful decision, considering what you've learned. Reducing smoking could potentially lead to a positive impact on your health and well-being. Is there anything else you'd like to talk about or consider as we explore this idea further? If you're ready, we can think about any small steps you might want to take toward reducing smoking."
